customer_id,first_name,age,account_balance,is_premium,country,signup_date,subscription_tier
5017,SUOcJD4u,49,1158.6,False,UK,2022-05-09T00:00:00,Enterprise
5982,Ok6zTjbO,49,32193.78,False,Australia,2024-10-14T00:00:00,Enterprise
6895,LEadO3q5,28,9286.33,True,UK,2022-03-29T00:00:00,Premium
4120,Re9NlV6q,67,13216.9,True,Germany,2023-07-31T00:00:00,Enterprise
7338,J6of3Vx4,69,29828.61,False,UK,2022-01-06T00:00:00,Basic
2825,4BFchXj2,57,43078.02,True,USA,2022-05-15T00:00:00,Premium
5044,eX5nI6K7,53,41914.08,True,UK,2023-07-15T00:00:00,Premium
2881,lSe4yPHF,44,5826.72,True,Germany,2022-09-16T00:00:00,Basic
1529,wwXJELiR,70,44202.56,True,Germany,2023-05-08T00:00:00,Free
3920,0wUznrfg,57,41736.27,False,Australia,2024-06-17T00:00:00,Free
5878,RnpPHiYU,66,32402.41,False,Canada,2023-05-26T00:00:00,Free
3456,9FjJcg4J,74,47147.45,True,Germany,2024-09-09T00:00:00,Free
6562,5SSI3Rim,20,9319.34,False,Australia,2023-06-29T00:00:00,Premium
1150,aX3VxTSR,40,11841.41,False,Australia,2024-08-02T00:00:00,Basic
3252,NWnu0TAM,71,1240.07,True,UK,2023-06-25T00:00:00,Free
3790,yecPNOgh,23,46278.17,False,USA,2023-04-10T00:00:00,Free
3940,mx855qY9,44,18074.52,True,Germany,2024-03-03T00:00:00,Basic
9020,S0bIY27C,62,9084.52,False,UK,2024-06-25T00:00:00,Basic
1406,6frc0Baf,38,43101.7,True,Canada,2023-06-18T00:00:00,Free
3613,EoZVS8eQ,47,47412.68,False,Canada,2022-09-19T00:00:00,Free
9083,42OWyKzg,28,33318.68,True,Australia,2022-12-26T00:00:00,Enterprise
6592,IRB1EHJZ,23,23968.29,False,Canada,2022-06-16T00:00:00,Enterprise
2918,iN62GKCO,71,40068.93,True,Australia,2022-09-04T00:00:00,Enterprise
6623,LbeUuo9k,61,42531.44,False,USA,2023-11-26T00:00:00,Premium
5607,ZFXeEv7j,62,45019.87,False,USA,2024-12-31T00:00:00,Basic
2473,iLXyuWww,22,48847.6,True,Germany,2023-09-11T00:00:00,Enterprise
7377,eb20B6nn,44,577.33,True,UK,2022-01-10T00:00:00,Free
4770,GkNaouw1,56,39493.64,False,Australia,2023-10-02T00:00:00,Premium
7275,eLMRJpFn,64,28657.19,False,Germany,2023-02-15T00:00:00,Enterprise
4830,T0X22zi8,46,30350.85,True,Germany,2023-07-11T00:00:00,Enterprise
8803,SBgKXmBv,41,19276.43,True,USA,2022-02-24T00:00:00,Free
5793,9lClkEIB,36,20737.94,True,Australia,2024-03-08T00:00:00,Basic
6112,QFy3dX9n,54,6744.84,True,UK,2023-02-23T00:00:00,Free
3150,KCxrxRTv,71,37310.24,False,USA,2023-03-09T00:00:00,Enterprise
1821,Yh1onTiM,46,28130.63,False,Germany,2022-12-22T00:00:00,Premium
7643,qhu0fthy,46,32892.96,False,Australia,2024-01-11T00:00:00,Basic
8667,EfVhQHHI,53,42424.97,True,Germany,2022-04-16T00:00:00,Premium
8299,Xfruxvl5,56,30864.22,False,Australia,2023-07-27T00:00:00,Basic
7293,jWTc5sOr,38,33997.96,True,Canada,2022-02-23T00:00:00,Basic
7476,ENFqmWrg,27,5552.91,True,Australia,2022-09-08T00:00:00,Basic
5895,deQIOAz8,46,49675.45,False,Australia,2022-03-27T00:00:00,Basic
5615,gl2iCcad,35,25552.25,True,UK,2024-11-12T00:00:00,Premium
5281,dDWFJp0D,41,44010.55,True,Canada,2022-03-01T00:00:00,Enterprise
2498,fnVhO8Kh,27,32066.37,False,Canada,2024-08-12T00:00:00,Free
8729,ZtCdubBU,44,38403.86,False,Australia,2024-04-16T00:00:00,Free
4311,krB2269l,54,42905.39,True,USA,2024-03-15T00:00:00,Enterprise
7760,qPJtHOFH,39,30406.25,False,Australia,2022-06-11T00:00:00,Premium
4104,dnH3UPBO,43,8942.39,True,Canada,2023-12-30T00:00:00,Premium
6827,WsfrGVYP,43,31026.53,False,UK,2024-01-07T00:00:00,Free
6929,1NYeW9xY,69,39239.6,False,Australia,2024-07-27T00:00:00,Premium
8205,wqya5pbU,65,31248.87,True,USA,2024-08-21T00:00:00,Free
5583,D0AjockY,70,4006.31,False,Germany,2022-12-15T00:00:00,Free
8895,Q359LiJD,66,20496.75,False,Germany,2022-02-19T00:00:00,Enterprise
4874,Rydsndyl,62,6635.46,True,Canada,2024-05-15T00:00:00,Premium
4795,IFguCGV7,72,34979.08,False,Australia,2023-07-20T00:00:00,Free
9210,S7wN1SkC,65,48529.64,True,Germany,2024-12-18T00:00:00,Free
5198,UfnVrGmk,31,47903.15,True,Germany,2023-08-24T00:00:00,Basic
1933,DBBkhvuT,59,35828.37,True,USA,2024-05-02T00:00:00,Enterprise
3480,A5m3MJQv,28,18433.7,True,Canada,2023-09-20T00:00:00,Premium
8900,2KpLcBTG,56,36848.76,False,Canada,2024-12-27T00:00:00,Premium
1727,SbSxG1Rx,68,46379.98,True,Canada,2023-07-27T00:00:00,Enterprise
1656,c4JMcMzj,30,22259.94,False,Canada,2023-02-10T00:00:00,Free
5277,A0BG8don,58,11221.97,True,Australia,2024-09-23T00:00:00,Premium
6121,Sgr3ImCC,57,36583.55,True,Australia,2023-05-31T00:00:00,Basic
2067,2IMZjJud,19,23083.4,True,Canada,2024-04-01T00:00:00,Free
9973,Gzyqe7ot,52,28222.66,False,UK,2022-01-30T00:00:00,Free
7695,lx8HbtJM,38,35022.13,False,USA,2023-09-25T00:00:00,Basic
9913,IqDduSBF,35,48996.36,True,Germany,2024-12-13T00:00:00,Premium
8566,Ixn3HUQD,54,37889.24,False,Canada,2022-05-27T00:00:00,Premium
2707,0M98vYoW,54,21673.7,False,Canada,2024-07-23T00:00:00,Enterprise
1271,c7DZGlFN,22,44448.09,True,Germany,2023-12-26T00:00:00,Free
9637,WVleA0Rs,60,35574.71,False,Australia,2024-11-18T00:00:00,Basic
8215,CPTB6DHY,73,47319.71,False,UK,2023-11-24T00:00:00,Basic
4946,Ze87IW63,29,46282.88,False,USA,2024-02-04T00:00:00,Premium
2252,94XZuj9e,37,12804.88,True,Canada,2024-12-14T00:00:00,Free
8917,WbnAIi6d,36,13592.94,True,USA,2022-10-30T00:00:00,Premium
3637,cLX0kv5M,23,18614.13,False,Germany,2022-10-10T00:00:00,Premium
8893,DNV1gfbd,33,18622.62,True,UK,2024-08-29T00:00:00,Free
6030,dE7xDpM3,28,1600.9,True,UK,2022-12-07T00:00:00,Premium
2525,dZc4pQQV,45,39172.45,False,Australia,2023-08-05T00:00:00,Basic
5086,KGptd4rM,42,658.41,True,USA,2022-11-19T00:00:00,Enterprise
8359,H6myzs7e,65,33895.96,True,Australia,2022-02-26T00:00:00,Premium
1945,QOpn6Z97,28,27809.86,False,USA,2023-05-03T00:00:00,Enterprise
7947,SRywwYpf,48,18665.83,True,Germany,2023-12-23T00:00:00,Basic
5461,vWWhyXRX,59,28738.43,False,Australia,2022-07-22T00:00:00,Free
6038,hP3wWhci,18,23535.46,True,UK,2024-07-17T00:00:00,Free
3442,WE2uWUFq,66,4536.23,False,Australia,2024-03-04T00:00:00,Enterprise
4513,E7dy4Kah,36,37565.38,False,Australia,2023-11-08T00:00:00,Free
2179,5vstT9Qe,31,41188.74,False,USA,2024-08-13T00:00:00,Basic
4536,oNYILsJN,54,37176.04,True,USA,2023-08-20T00:00:00,Enterprise
8869,DHSQddii,31,24953.35,True,Canada,2024-12-08T00:00:00,Free
8890,zxUNAN9I,62,27316.91,True,Australia,2022-12-17T00:00:00,Enterprise
5438,QFlatlJI,36,25831.22,True,Germany,2022-09-03T00:00:00,Enterprise
3897,YWgVVYTb,54,32206.29,False,Germany,2023-11-17T00:00:00,Enterprise
2403,51AtZZG7,63,29432.58,False,Germany,2024-05-10T00:00:00,Basic
6188,nmtaBOTT,59,41801.99,False,Canada,2023-03-05T00:00:00,Free
9674,t8LiYBPN,43,49926.79,False,Canada,2022-07-30T00:00:00,Premium
5255,vY8HFDTS,56,48485.23,True,Australia,2023-09-07T00:00:00,Enterprise
2702,0cWu7rVa,21,1995.85,False,Germany,2023-10-08T00:00:00,Free
1671,f82cR0ch,27,29496.12,True,Germany,2022-01-19T00:00:00,Premium
4954,Y7F3s4NO,57,17439.3,False,UK,2023-07-01T00:00:00,Basic
2167,FuVl2ebM,20,6109.43,False,USA,2023-05-11T00:00:00,Premium
5610,0NwnZzEz,42,19194.36,True,USA,2024-10-20T00:00:00,Basic
5565,e6YKmx5q,51,41946.86,True,USA,2023-11-22T00:00:00,Enterprise
5577,CxuXrQZj,27,12040.8,False,UK,2024-01-18T00:00:00,Free
5838,iz7pURgD,39,16193.89,True,Canada,2023-04-29T00:00:00,Free
1504,XYIsGXv2,45,48163.57,False,USA,2023-05-31T00:00:00,Free
8828,U22T2g8w,44,44074.0,True,Australia,2023-02-20T00:00:00,Free
4241,zahogdqw,19,7410.65,False,Germany,2022-10-28T00:00:00,Basic
8015,wubEaDOD,45,13056.68,True,UK,2023-04-26T00:00:00,Enterprise
9609,r7BPChKB,26,2063.7,True,Germany,2024-09-06T00:00:00,Free
6502,KKfaZVJR,57,1286.88,True,UK,2023-01-28T00:00:00,Free
5417,mFf4QA0x,27,38811.98,False,USA,2023-06-23T00:00:00,Basic
9084,Y93OteIR,64,34500.57,False,UK,2022-03-13T00:00:00,Enterprise
3958,pc4t7df3,73,49608.61,False,Canada,2022-04-18T00:00:00,Premium
9873,BJNYkRZ3,53,282.61,False,UK,2024-07-30T00:00:00,Basic
4181,r1Tyi152,35,16445.62,False,USA,2023-11-14T00:00:00,Free
1946,qAIxmxX6,21,45628.79,True,UK,2024-08-18T00:00:00,Enterprise
2998,tmc7aS0O,55,16361.04,False,UK,2023-07-29T00:00:00,Free
2220,mhpXM18z,19,14208.64,False,Germany,2024-06-10T00:00:00,Premium
9525,0CBlgaSJ,51,23022.84,False,Canada,2024-07-06T00:00:00,Free
1225,AX0ofipu,24,47035.99,True,UK,2023-02-27T00:00:00,Free
3921,RZflSIw8,45,1627.28,True,USA,2022-09-03T00:00:00,Premium
9024,TgMktk1I,44,20084.69,True,UK,2022-01-09T00:00:00,Free
6978,CgLOMojt,21,22262.69,True,Canada,2022-05-23T00:00:00,Premium
2286,iuYTSiqr,41,2879.09,True,UK,2023-08-17T00:00:00,Free
7853,rhdWRvrU,51,2201.8,True,Australia,2022-07-01T00:00:00,Enterprise
4981,eunXZ3yX,45,40726.21,True,Germany,2023-12-12T00:00:00,Basic
9085,aygh0e5j,37,7395.92,False,USA,2024-09-09T00:00:00,Enterprise
3770,P8MdlKkm,45,34754.34,True,UK,2022-09-06T00:00:00,Premium
7907,va1yp08A,31,19666.87,False,Germany,2023-12-23T00:00:00,Free
1037,wTdr6kXq,25,46585.1,False,Germany,2024-06-06T00:00:00,Free
2375,hM6LWn5d,25,13506.56,True,USA,2023-02-22T00:00:00,Premium
2315,IzbbRgEF,46,10826.86,True,Canada,2024-04-01T00:00:00,Premium
1827,4F6HEn3y,30,6965.3,True,UK,2023-11-25T00:00:00,Enterprise
5318,kSyfiGPG,26,31368.39,False,Canada,2022-07-31T00:00:00,Basic
6831,4YG4Km3y,72,22926.51,False,USA,2022-06-09T00:00:00,Free
6294,BIxXBp1Z,61,18384.03,False,Canada,2023-08-10T00:00:00,Free
1176,uqNtOCbC,75,40491.87,False,Australia,2023-09-11T00:00:00,Premium
6851,dz9ADyE8,36,44886.56,False,Australia,2024-07-06T00:00:00,Enterprise
4718,xaEU3hVP,48,11821.37,True,Australia,2022-07-07T00:00:00,Basic
1964,hh0R1iB3,44,29548.43,True,Australia,2022-03-13T00:00:00,Basic
1544,u6caQG1Y,56,30529.69,False,Germany,2022-10-23T00:00:00,Enterprise
7294,EeJ1uuEb,67,34844.35,False,USA,2023-03-26T00:00:00,Free
1630,bydAJNgz,60,7384.62,False,USA,2022-10-09T00:00:00,Basic
4738,Gmmf5K9M,72,6080.14,True,UK,2022-03-01T00:00:00,Premium
7070,z1skGML7,73,26726.95,False,Australia,2022-09-10T00:00:00,Free
5956,h0odzj3H,72,18216.85,True,Germany,2023-09-02T00:00:00,Basic
5481,u6Rv7kLq,40,49715.09,False,Germany,2022-04-25T00:00:00,Enterprise
2445,MiJXystH,30,43514.29,False,USA,2022-04-10T00:00:00,Premium
7598,uDQ3aSu8,66,7483.47,False,Germany,2022-05-01T00:00:00,Basic
6377,WfVRGVWB,33,12940.62,False,Canada,2023-09-25T00:00:00,Basic
5213,20Mg5iTH,50,19764.33,True,Australia,2024-12-13T00:00:00,Enterprise
7742,TL0i0law,51,20379.8,False,Australia,2024-11-27T00:00:00,Enterprise
4946,chLMRsSc,50,21794.19,True,USA,2023-02-06T00:00:00,Enterprise
7843,s7TvHwf5,25,47606.72,True,Germany,2022-11-12T00:00:00,Premium
9498,JXmukqFz,44,18896.3,True,Germany,2022-03-13T00:00:00,Free
8749,n93tRv4c,66,16165.89,True,Canada,2023-01-28T00:00:00,Basic
8994,bTOUr9Ki,46,9627.63,False,UK,2024-07-20T00:00:00,Premium
1818,qn1Puntx,26,40131.33,True,Australia,2023-04-27T00:00:00,Enterprise
6093,499gacGn,37,32548.22,False,UK,2022-06-24T00:00:00,Premium
8069,W7ubqFpF,53,41703.79,False,Australia,2024-07-19T00:00:00,Free
3727,twYctGxZ,36,25505.13,False,Germany,2023-10-21T00:00:00,Enterprise
5515,1HXyCHUW,27,43215.58,True,USA,2024-05-15T00:00:00,Enterprise
7867,gxXCmJ02,44,1581.54,False,Germany,2023-03-15T00:00:00,Premium
5087,jogInbcg,57,42699.31,False,Germany,2024-11-21T00:00:00,Premium
4661,OYmEYtUB,71,23307.78,True,UK,2024-03-30T00:00:00,Enterprise
1396,egyQeHfl,53,521.47,False,UK,2024-07-11T00:00:00,Enterprise
3119,TbpWBdur,31,25164.32,False,Canada,2024-10-14T00:00:00,Basic
5292,o6ajmPiT,67,22726.06,True,Canada,2024-04-10T00:00:00,Free
5745,IfdaISc4,74,816.99,True,Germany,2023-12-23T00:00:00,Enterprise
3315,vMokc5Z0,19,30877.42,False,Canada,2022-12-01T00:00:00,Enterprise
1267,lbJHEdy9,26,32755.26,False,Germany,2022-06-23T00:00:00,Free
4898,PufUMAQq,34,7233.76,True,Canada,2024-01-11T00:00:00,Enterprise
4710,LSjLOCYy,45,10538.57,True,USA,2024-07-13T00:00:00,Enterprise
7228,GHS5Ak8Q,39,38759.06,True,USA,2022-04-30T00:00:00,Premium
7552,NmgnDwHV,68,16480.07,False,Australia,2022-09-14T00:00:00,Free
2685,06AcPgv9,74,31290.7,True,Germany,2022-01-24T00:00:00,Premium
9467,L5ZL9ooO,44,44302.9,True,UK,2023-08-13T00:00:00,Basic
3423,srfW4VCp,50,28314.49,True,USA,2022-06-02T00:00:00,Free
9459,QWK2V8O2,23,13882.05,False,USA,2023-06-22T00:00:00,Free
6448,dItqbqv3,51,21079.7,True,Germany,2022-10-29T00:00:00,Free
9909,QsklUeDH,51,11844.3,False,Germany,2024-07-31T00:00:00,Free
9752,RpGu4uHn,32,38121.29,False,Canada,2024-01-20T00:00:00,Enterprise
1921,RYCkFFZY,23,36228.85,False,Germany,2024-08-12T00:00:00,Basic
9791,vdiqQPW8,57,25399.12,True,USA,2024-09-30T00:00:00,Enterprise
3947,k8Ygxi9W,24,15318.47,True,Canada,2024-10-30T00:00:00,Basic
7996,owOaFFs6,75,33496.36,False,Australia,2022-12-26T00:00:00,Free
5919,zAU5dwcb,23,22586.11,False,UK,2024-10-12T00:00:00,Free
3308,WJfZIar1,29,2744.32,True,Canada,2023-09-18T00:00:00,Premium
9753,eSISge2f,63,27394.75,True,Australia,2023-10-11T00:00:00,Free
1270,urnowEAi,23,8603.46,True,UK,2023-07-26T00:00:00,Basic
6603,KIyWnJtW,46,28625.38,True,Canada,2024-04-26T00:00:00,Enterprise
8137,MN28mfCN,59,11865.04,False,Australia,2022-07-08T00:00:00,Premium
7829,ob9DCbw4,60,45260.43,False,Canada,2023-01-01T00:00:00,Enterprise
8589,alziqOdE,28,40341.99,False,Germany,2023-12-31T00:00:00,Premium
7387,G9NVmPDX,45,16537.56,False,Canada,2024-03-15T00:00:00,Enterprise
5941,ZBSf75rQ,49,38358.47,False,USA,2024-03-04T00:00:00,Premium
4221,oR7yoYLC,68,29842.12,False,Australia,2023-12-21T00:00:00,Enterprise
6740,1NaMu6xo,37,7591.95,False,USA,2022-09-10T00:00:00,Basic
3053,iEV3V5Nw,34,21181.68,True,UK,2022-08-18T00:00:00,Enterprise
2941,a75iug0E,73,3290.06,True,Germany,2022-08-25T00:00:00,Premium
7597,8cqrRWdu,65,21287.6,True,USA,2022-04-13T00:00:00,Enterprise
7071,DzTXWzBK,53,35520.56,False,Australia,2024-07-30T00:00:00,Basic
4248,3mg99pu4,74,46477.71,False,Germany,2023-07-21T00:00:00,Basic
5471,O2W8oVqt,57,2093.74,True,Australia,2023-01-09T00:00:00,Basic
3585,NfHgm0qJ,30,30506.75,False,Canada,2022-01-26T00:00:00,Premium
3478,duSQJJYg,45,17722.51,True,UK,2022-02-02T00:00:00,Premium
6489,CQqXhrvn,20,36516.7,True,Australia,2024-06-02T00:00:00,Enterprise
5593,RLX192Py,51,37606.43,False,USA,2022-09-23T00:00:00,Enterprise
8485,V0mE74TI,35,9353.99,False,USA,2023-07-29T00:00:00,Premium
5017,iIxnO9Cw,28,3123.66,True,Australia,2022-04-26T00:00:00,Free
9773,Qe6ZOXdV,52,31554.76,False,Australia,2022-10-04T00:00:00,Free
7946,15CesJ3y,58,1596.5,True,Germany,2023-04-12T00:00:00,Enterprise
5429,MFBVZlzA,44,5488.43,False,USA,2023-01-31T00:00:00,Premium
5520,1KvDWMCi,66,43630.02,False,USA,2023-05-22T00:00:00,Basic
6425,f79d5tq6,70,27865.28,False,Australia,2022-12-22T00:00:00,Enterprise
6178,czojr23I,59,39606.06,True,Canada,2023-01-26T00:00:00,Enterprise
9002,lTSbwcyz,32,36375.66,False,Canada,2022-06-11T00:00:00,Enterprise
7246,NwT2fuiQ,23,30497.6,True,UK,2022-11-12T00:00:00,Premium
1110,8TMrXI4T,36,8771.26,False,USA,2022-02-04T00:00:00,Premium
5215,pVBnSaFQ,44,22250.03,False,Canada,2022-06-01T00:00:00,Premium
9887,AYQm8hb3,53,25962.68,False,USA,2022-02-01T00:00:00,Basic
8812,9LY9Pxlf,43,206.53,True,Australia,2023-09-02T00:00:00,Basic
1497,PJLtGC2I,54,2707.5,False,UK,2024-08-15T00:00:00,Free
3497,R2mVe5Ic,62,40444.33,True,Germany,2024-08-13T00:00:00,Free
1980,VC0HG23h,24,9221.47,False,UK,2024-07-25T00:00:00,Premium
4150,Iy0iuES3,55,18385.41,True,UK,2022-05-10T00:00:00,Enterprise
1219,ZTAdRvgX,74,41093.13,False,Germany,2023-10-26T00:00:00,Premium
2820,0do0s1MB,69,35349.82,False,USA,2023-02-09T00:00:00,Basic
6260,5BlIskoa,45,48880.63,True,USA,2023-11-01T00:00:00,Basic
2277,gKTRuCbD,50,13319.1,True,USA,2023-08-02T00:00:00,Free
6246,KwvVFeqn,61,32128.44,False,Australia,2022-03-01T00:00:00,Free
8539,APLG7ONq,58,36195.77,True,Germany,2024-02-01T00:00:00,Basic
6839,RWbkH5N7,70,16259.2,True,USA,2023-04-07T00:00:00,Enterprise
1497,nTmNJSCQ,41,19733.31,True,Australia,2023-01-28T00:00:00,Basic
4185,2kTpe8ON,67,9266.66,True,Germany,2022-02-10T00:00:00,Free
4207,saoikzhz,26,46580.61,False,Canada,2022-02-17T00:00:00,Free
8386,JNl6w92p,43,48608.61,False,USA,2024-04-10T00:00:00,Basic
4172,2MClNYut,52,40181.55,False,Australia,2023-10-29T00:00:00,Basic
4739,tfRBe3uZ,55,11201.76,True,UK,2024-12-29T00:00:00,Free
9013,RJhGXxZ3,65,45475.76,True,Germany,2022-09-17T00:00:00,Basic
8591,lP5rPyUF,67,33118.2,False,UK,2022-06-25T00:00:00,Enterprise
5812,eogILiiN,32,35991.0,False,UK,2023-05-18T00:00:00,Premium
7523,WXdjAsRc,43,44704.33,True,Germany,2024-06-09T00:00:00,Premium
1287,XYKPnAr6,51,10858.1,True,Germany,2022-05-27T00:00:00,Basic
9846,NoYqxxkW,52,40401.11,True,USA,2024-08-10T00:00:00,Enterprise
5712,w8adigil,48,34204.76,False,USA,2024-12-01T00:00:00,Premium
3291,QRUCXnEK,54,47525.88,False,Australia,2022-08-12T00:00:00,Premium
2641,0qqf0gj6,25,33268.83,False,Australia,2023-10-12T00:00:00,Enterprise
2499,9XXf6AcO,24,48051.52,True,Germany,2022-01-09T00:00:00,Enterprise
1898,Cd7wWZjX,63,47826.33,False,UK,2024-08-26T00:00:00,Premium
3912,KGCPHdur,71,18215.43,True,Australia,2024-03-27T00:00:00,Free
1800,l0qGiztN,58,38770.68,True,Canada,2024-01-15T00:00:00,Basic
2190,gOy8G4iX,24,15212.59,False,USA,2023-10-10T00:00:00,Basic
2105,t7MGvKwE,49,47745.18,True,Australia,2024-10-28T00:00:00,Free
7438,NsVJCTeu,61,34204.86,False,Germany,2022-05-03T00:00:00,Free
4474,TRoVyEFK,68,6372.2,False,USA,2022-12-08T00:00:00,Basic
9029,shrWRJbe,52,30502.91,False,USA,2022-03-23T00:00:00,Enterprise
3713,OTp0ieQe,37,13924.17,False,Australia,2024-10-25T00:00:00,Premium
2543,JPBuxdgP,33,8944.09,False,Australia,2023-08-19T00:00:00,Basic
5422,MFm9I01G,70,28755.43,False,Germany,2022-08-21T00:00:00,Basic
3637,vTtzicme,20,43618.44,True,Canada,2023-01-31T00:00:00,Basic
4745,Hp4VsZMB,34,1923.94,False,USA,2024-07-23T00:00:00,Enterprise
5071,4cF6zvaj,49,20049.04,False,Canada,2022-06-04T00:00:00,Premium
1977,L8CmO04s,48,10061.79,True,Australia,2023-01-25T00:00:00,Enterprise
5609,9WBrSNzP,26,46542.92,False,Canada,2023-09-05T00:00:00,Free
7141,dCRR3GrH,43,43745.18,False,UK,2024-09-13T00:00:00,Enterprise
1869,2wYdWwu1,70,36495.57,True,UK,2024-04-24T00:00:00,Free
8149,kylgg1z5,22,35756.91,True,Germany,2023-08-12T00:00:00,Enterprise
9888,BoCqFrRr,21,21491.77,True,Australia,2022-04-04T00:00:00,Free
5261,lOHNf6YP,60,13994.83,True,UK,2024-10-15T00:00:00,Enterprise
4405,Wgz88t3q,28,39096.34,True,Canada,2023-08-16T00:00:00,Basic
5345,CT9rA94J,34,15625.06,False,Germany,2023-09-19T00:00:00,Basic
8490,xZxfKR9G,53,40719.7,True,UK,2022-01-31T00:00:00,Basic
8764,piXZUiY6,55,48984.94,True,UK,2023-12-09T00:00:00,Basic
6848,U7yf9sjp,52,17976.58,True,Germany,2023-07-02T00:00:00,Enterprise
7898,PStgERR0,33,28579.24,True,Australia,2022-08-28T00:00:00,Free
3864,11rkZ4jH,37,8894.51,True,Australia,2022-10-07T00:00:00,Basic
7635,j5BjTAOU,32,6908.61,False,Canada,2023-11-30T00:00:00,Basic
2876,ABQyiqxb,37,34667.82,True,Canada,2022-09-04T00:00:00,Basic
6032,RoHuLQes,59,30640.85,False,Canada,2024-10-10T00:00:00,Premium
2486,v8JMIoey,60,26932.32,False,Germany,2024-05-06T00:00:00,Premium
5730,4Xo9q7Pk,30,46175.82,False,Germany,2023-04-25T00:00:00,Free
5262,XiajAmnK,47,37490.34,True,Canada,2022-12-22T00:00:00,Enterprise
6770,KizvqTMy,75,12656.44,False,Australia,2023-11-24T00:00:00,Basic
4050,TgZCyAea,71,21192.6,False,Canada,2022-10-14T00:00:00,Free
2254,nBnkirL6,38,9977.58,False,USA,2023-09-23T00:00:00,Premium
5357,PvOnmb7H,66,23150.08,False,Germany,2023-06-07T00:00:00,Basic
2139,kaJJ8PeP,27,31057.25,True,Australia,2022-09-04T00:00:00,Enterprise
2633,mbOajWtR,26,38135.6,True,Australia,2024-11-21T00:00:00,Premium
6818,PxFdIuXV,33,46462.64,True,Australia,2023-11-17T00:00:00,Free
3692,rntEAvdJ,41,25275.58,False,Australia,2023-07-16T00:00:00,Free
2445,bi5lPpCq,61,28234.57,False,Canada,2024-11-13T00:00:00,Free
4749,DOWMUkJW,41,48990.87,True,UK,2024-12-08T00:00:00,Basic
3911,qIRuJ8X1,67,485.04,False,Germany,2023-05-18T00:00:00,Premium
5426,UBZpOFa1,56,42586.56,False,Germany,2023-10-03T00:00:00,Basic
6111,fXTfIG9l,43,28668.06,True,UK,2022-04-02T00:00:00,Premium
1376,G8V28wSC,27,25824.54,True,Australia,2022-07-26T00:00:00,Basic
6418,vxo84nMY,62,10787.94,False,Australia,2024-04-08T00:00:00,Free
2018,lvYstIWq,59,15603.86,True,Australia,2023-11-30T00:00:00,Premium
7947,hSuCBcOe,31,29692.17,True,Australia,2024-12-15T00:00:00,Premium
2015,OLVVZVAn,61,40392.91,False,Australia,2024-04-02T00:00:00,Free
5548,IefyPtEh,66,44525.86,False,USA,2022-07-29T00:00:00,Basic
3024,6sCrsQVo,55,30451.31,False,UK,2022-01-22T00:00:00,Premium
3060,kBESU01M,21,41126.59,False,UK,2023-01-20T00:00:00,Enterprise
5073,YlahLHS7,33,35115.82,False,Australia,2022-09-19T00:00:00,Free
9684,JbvGBR2w,32,7749.05,True,Australia,2023-01-03T00:00:00,Premium
6346,RxFyuzU4,51,25248.28,True,Australia,2022-04-04T00:00:00,Enterprise
9644,2KalIq15,40,2129.48,True,Canada,2024-03-28T00:00:00,Enterprise
5182,vPFraawD,44,41256.9,False,UK,2023-08-06T00:00:00,Free
7621,CvkSwMbT,51,38552.22,False,Australia,2022-12-28T00:00:00,Premium
9740,vRHQIVr2,75,35324.11,False,Germany,2024-12-31T00:00:00,Basic
4017,ECGNUdxh,33,5920.98,True,Germany,2023-10-30T00:00:00,Basic
5294,MhK7WPjw,20,37724.43,False,UK,2024-02-06T00:00:00,Free
6332,1PV9olnq,31,18762.48,False,Germany,2023-07-12T00:00:00,Basic
3651,ndcZXUhd,60,30708.83,True,Canada,2023-10-29T00:00:00,Basic
2550,bN4hM1Aq,48,13985.36,False,UK,2024-10-17T00:00:00,Free
6443,lu06qzaV,42,39581.3,False,USA,2023-11-06T00:00:00,Enterprise
9630,iW7zdVIt,45,38414.39,False,Canada,2022-03-30T00:00:00,Enterprise
1681,sEc0dOc3,22,281.56,False,Australia,2024-08-15T00:00:00,Free
7028,4wuTonof,50,24271.29,False,Australia,2023-11-22T00:00:00,Premium
8519,DTTCKE7F,61,48899.56,True,UK,2023-06-25T00:00:00,Basic
9858,j0MUef5Q,35,17605.19,False,UK,2024-11-29T00:00:00,Basic
2545,SZU4B1lu,62,43007.05,True,Canada,2024-11-06T00:00:00,Basic
8870,Y6avL4Ro,49,29977.5,False,Germany,2024-11-02T00:00:00,Basic
6955,WNgsrqvF,67,8634.83,True,Australia,2023-12-20T00:00:00,Premium
1087,5K9VSz2M,69,3955.11,True,Australia,2023-04-15T00:00:00,Free
1775,dZuVx5I2,28,16367.17,True,Germany,2022-05-10T00:00:00,Free
9474,WNfcAYVf,50,20726.75,False,Australia,2022-05-10T00:00:00,Basic
9823,7nXAg7qo,41,38199.35,False,Australia,2023-08-24T00:00:00,Premium
8426,LdLNYdll,21,36407.42,False,Canada,2024-12-19T00:00:00,Premium
3257,wwbbrEfp,57,40494.85,False,Canada,2023-12-15T00:00:00,Premium
4295,ux1zlgg2,63,41852.28,True,Australia,2022-03-03T00:00:00,Free
8947,EhXdyS5S,69,39746.72,False,Australia,2023-02-18T00:00:00,Free
1692,c8u6hXAh,25,3708.0,False,Canada,2024-05-27T00:00:00,Basic
8068,AhkljOz1,72,10868.22,False,USA,2024-04-02T00:00:00,Premium
3110,eo2r6qGn,36,22377.57,False,Germany,2022-12-08T00:00:00,Enterprise
2483,zJLEXkzg,23,21682.32,True,Canada,2024-07-22T00:00:00,Free
5926,9GRIbQhY,67,9163.09,False,Germany,2023-03-01T00:00:00,Premium
7687,jFGzrOGk,43,12720.75,False,Canada,2023-07-16T00:00:00,Enterprise
3922,9ZbeDrBh,59,44349.64,False,Germany,2022-01-31T00:00:00,Enterprise
5435,YlIwXqBi,19,49412.52,True,Australia,2024-12-05T00:00:00,Free
5966,HGQPrcW1,71,10373.32,False,USA,2022-10-25T00:00:00,Enterprise
8353,Nup2UGCJ,34,3620.95,False,Germany,2022-05-24T00:00:00,Premium
4797,VNAA1p86,33,36444.28,True,USA,2023-08-22T00:00:00,Free
7431,zKtcvFKA,39,1761.94,False,UK,2022-01-14T00:00:00,Basic
7769,GHW7I2z8,44,14106.7,False,Canada,2023-08-03T00:00:00,Enterprise
4736,28rMU5bn,41,10687.14,False,Australia,2023-08-05T00:00:00,Enterprise
5516,SDnDaTSs,36,23182.29,True,Canada,2024-07-05T00:00:00,Basic
6846,fXfJDJay,61,31333.19,True,USA,2024-09-27T00:00:00,Enterprise
6895,ri8gdpqo,60,26202.02,False,USA,2023-12-23T00:00:00,Enterprise
9737,VatTIcY5,50,20136.47,False,Canada,2023-12-05T00:00:00,Enterprise
9437,vadlPjWm,46,3292.19,True,Canada,2024-06-17T00:00:00,Enterprise
6263,54hzaNBf,68,36441.73,False,USA,2022-09-24T00:00:00,Premium
7819,YW5F9h1d,64,39880.14,False,UK,2023-09-15T00:00:00,Enterprise
6891,OGWjtJB0,67,11701.13,False,Australia,2023-04-30T00:00:00,Basic
1981,Ei1mdP0f,64,27847.43,False,Germany,2022-01-14T00:00:00,Premium
4840,Gbardnpv,33,24358.46,True,UK,2022-02-03T00:00:00,Basic
8532,zR6pjfQu,32,14442.09,False,USA,2024-08-16T00:00:00,Premium
7006,qN3cEv4l,21,5257.5,True,Germany,2022-12-10T00:00:00,Premium
4160,2ReDysV8,37,48776.94,False,Germany,2024-11-01T00:00:00,Enterprise
6592,ft1OcYjz,48,15602.57,True,Germany,2022-07-04T00:00:00,Enterprise
7919,bTRYFXbc,71,24283.1,False,Germany,2023-01-27T00:00:00,Enterprise
5847,utV1C5go,63,25555.82,True,Canada,2023-08-24T00:00:00,Basic
2043,ZvbgVPaZ,73,43506.06,True,UK,2024-10-28T00:00:00,Free
5000,HwPfWUoA,66,12616.48,False,Germany,2022-06-17T00:00:00,Basic
7438,woW8OceN,59,10785.42,False,USA,2022-03-26T00:00:00,Free
2441,V9pw6VfO,46,33616.27,True,Australia,2023-02-17T00:00:00,Free
3603,XwT6H85Y,71,21912.87,True,UK,2023-12-08T00:00:00,Basic
8027,jvugka9U,22,7319.6,False,Canada,2023-04-17T00:00:00,Enterprise
9809,JbCzw8tI,69,1511.32,False,UK,2022-05-08T00:00:00,Enterprise
1601,SPjTphru,19,14432.84,True,Canada,2023-07-02T00:00:00,Free
1984,xtsFIoRL,20,28568.48,False,Germany,2023-08-22T00:00:00,Enterprise
1519,o44RflIH,45,4618.51,True,USA,2022-06-25T00:00:00,Enterprise
6855,oAHTp7Sv,38,11611.38,True,Germany,2023-10-16T00:00:00,Free
5169,9vc3jovx,61,19814.36,False,Australia,2023-02-03T00:00:00,Basic
3041,PmJLpiBZ,28,30362.03,True,Australia,2022-08-15T00:00:00,Premium
3371,0P1RXLsO,33,49247.48,False,UK,2022-02-02T00:00:00,Enterprise
1091,NvSrMsPx,56,19425.68,False,Canada,2022-03-17T00:00:00,Enterprise
6479,2H4KELye,28,15956.46,True,Germany,2024-02-11T00:00:00,Basic
5602,mT0YeKPv,31,47202.53,False,Germany,2023-04-10T00:00:00,Enterprise
6792,u5yM9yPW,41,4694.12,False,USA,2022-06-25T00:00:00,Premium
8644,YobL1i5O,49,34660.75,False,USA,2023-10-08T00:00:00,Basic
3128,y6Zo1gds,53,8114.84,False,USA,2024-07-05T00:00:00,Basic
9826,tMZrfE7v,48,4941.81,True,UK,2023-04-01T00:00:00,Free
6390,rRTLsGnY,71,36185.58,False,UK,2023-02-07T00:00:00,Enterprise
3921,UoZAWhWo,31,40532.71,False,Canada,2023-06-11T00:00:00,Premium
1864,DYadtoVv,22,10694.37,True,UK,2024-03-10T00:00:00,Enterprise
4829,wzckwH54,30,2189.01,False,USA,2023-04-19T00:00:00,Free
1713,gNJYYH5n,18,2400.03,True,USA,2024-07-27T00:00:00,Enterprise
9415,eX66Vdrw,69,23129.76,True,Canada,2022-04-14T00:00:00,Free
2781,Y1F3cSVY,74,23892.55,False,Germany,2024-12-15T00:00:00,Free
5284,dkXfZs1t,61,21038.15,True,Australia,2024-12-16T00:00:00,Enterprise
6945,LyNzK24k,48,25605.42,False,Canada,2024-12-03T00:00:00,Premium
7589,s4cSWSU0,44,25486.04,True,Canada,2023-05-26T00:00:00,Free
7605,68coZatr,28,3959.51,True,Australia,2023-04-29T00:00:00,Premium
2004,hsunJai7,32,34144.35,True,UK,2024-04-01T00:00:00,Enterprise
2764,vrCM0bEP,22,38976.78,True,Germany,2024-05-03T00:00:00,Premium
9567,4uJ3MUSg,37,28903.12,True,UK,2023-01-27T00:00:00,Premium
3256,km0rDnY6,65,5948.37,True,USA,2024-09-19T00:00:00,Premium
1505,IFKz7tWB,34,21541.44,False,UK,2024-01-18T00:00:00,Premium
6716,Xihf5IKX,64,1935.4,False,UK,2024-07-18T00:00:00,Premium
5658,EjxvbD01,41,48002.33,True,Australia,2022-04-06T00:00:00,Enterprise
2020,nceCbc7o,49,8494.5,True,Germany,2022-03-22T00:00:00,Basic
8022,WiO3brwk,72,1179.21,False,Germany,2023-12-16T00:00:00,Free
1638,etf2lEFW,68,22539.0,True,Australia,2023-03-09T00:00:00,Premium
2064,f9ZBi5RF,45,23750.73,False,Canada,2023-12-03T00:00:00,Enterprise
8835,iy8PaSsz,53,22139.84,True,Canada,2023-12-05T00:00:00,Basic
4007,WLPlRbr9,53,35967.91,False,UK,2024-12-01T00:00:00,Enterprise
4532,hXc2bynR,73,20673.04,True,Canada,2023-04-07T00:00:00,Enterprise
5781,Z5jZSYXa,19,36960.33,True,Germany,2022-08-30T00:00:00,Free
8107,n9eXFs5a,36,43443.37,True,Australia,2022-08-27T00:00:00,Free
1640,5GhJzaFc,26,39656.54,True,USA,2022-11-11T00:00:00,Free
6897,CMk46GfG,71,39220.18,True,Germany,2023-01-15T00:00:00,Enterprise
1824,e8p9xJ8K,46,20241.26,True,Canada,2024-05-20T00:00:00,Enterprise
1635,nuRdAc3F,30,14760.14,False,Canada,2022-01-25T00:00:00,Free
1809,ivdOA1Ky,31,5966.91,False,Germany,2023-09-25T00:00:00,Enterprise
3196,Dkf4mjZR,59,34742.03,False,Australia,2023-06-03T00:00:00,Premium
4989,arrsBMWk,54,1143.57,True,UK,2023-03-04T00:00:00,Basic
6906,DborwomE,64,28274.85,True,Canada,2023-02-07T00:00:00,Premium
6697,oY3vUvLG,28,48168.22,True,USA,2024-07-25T00:00:00,Basic
4384,6cPcYaPo,26,35688.68,False,UK,2022-04-19T00:00:00,Premium
3331,13AIuatX,64,32029.44,False,Australia,2022-01-30T00:00:00,Premium
8274,PMneT8hf,18,47305.96,False,USA,2024-01-26T00:00:00,Basic
2322,c0GKYj2B,51,18244.57,True,Germany,2023-03-24T00:00:00,Premium
8718,IkHzxD5O,28,45671.5,False,UK,2024-03-14T00:00:00,Premium
9095,ffqbjCzL,27,24515.03,False,Germany,2023-02-25T00:00:00,Free
5694,oSJX4vuK,65,23379.89,True,UK,2022-04-29T00:00:00,Enterprise
5851,rH1p5KPd,69,43635.18,True,Australia,2024-02-19T00:00:00,Free
6000,0XUagniC,39,20926.07,True,Australia,2023-03-03T00:00:00,Premium
2328,ZXbGcB5w,72,48156.12,False,Germany,2024-02-25T00:00:00,Enterprise
1683,1J0U9wJA,57,9406.88,False,Canada,2022-04-09T00:00:00,Basic
3832,D2BDUHgv,27,31456.0,False,Canada,2023-10-14T00:00:00,Basic
6774,F58X36zB,44,42306.73,False,Australia,2022-02-07T00:00:00,Premium
3645,WvYtZBkc,38,2112.0,True,Canada,2022-11-30T00:00:00,Enterprise
9203,FEVt6J5U,56,8606.0,False,Canada,2023-10-30T00:00:00,Enterprise
1810,XMA1aPOH,74,46407.01,False,Australia,2023-02-24T00:00:00,Free
3120,crGIlSI2,24,17450.04,True,Canada,2023-11-03T00:00:00,Premium
6970,EbBjZ1we,49,36084.83,True,Australia,2022-12-03T00:00:00,Premium
8131,ICXM8zTs,54,34731.22,True,USA,2023-11-29T00:00:00,Free
8753,C1TiHyxO,67,38716.85,False,Canada,2023-04-10T00:00:00,Premium
3788,dnnsRdHk,67,15176.19,False,Germany,2024-03-27T00:00:00,Free
5888,SMuRWyyK,61,48963.87,False,USA,2024-08-30T00:00:00,Enterprise
7581,54ETQvYJ,27,17907.73,False,Canada,2023-11-27T00:00:00,Premium
2386,cKyCFgTn,20,8819.4,False,Canada,2023-01-17T00:00:00,Enterprise
7925,zjW1vgbq,53,37106.15,False,USA,2023-05-14T00:00:00,Enterprise
5048,2B0TBWwb,46,12954.29,True,Germany,2022-09-26T00:00:00,Free
5524,YYxzFz9J,65,40733.59,False,Germany,2023-12-23T00:00:00,Basic
8410,ZiT8B261,50,20975.65,True,Australia,2022-02-04T00:00:00,Enterprise
6936,y0b3rHan,21,13007.79,False,Australia,2023-11-30T00:00:00,Basic
2494,bU7N8NkY,52,38714.03,True,Canada,2022-10-11T00:00:00,Basic
3381,5MDyjCZL,31,47096.31,True,Australia,2022-04-02T00:00:00,Premium
7383,ShRHh6qG,20,11452.95,False,Australia,2022-02-25T00:00:00,Basic
6116,wMrtEW1f,37,818.98,True,Australia,2022-05-04T00:00:00,Free
6481,xpE7KIDv,42,38033.13,True,USA,2023-11-26T00:00:00,Enterprise
6150,h7cGGxTY,42,23228.81,False,UK,2022-09-18T00:00:00,Free
6933,HmCTNgwN,39,2889.26,True,Canada,2024-11-09T00:00:00,Premium
1625,RT0pou2n,18,20393.77,False,UK,2023-12-06T00:00:00,Free
5173,b9rTzdYa,43,7129.57,True,Canada,2022-11-12T00:00:00,Premium
8411,BDK90tMc,53,20570.52,False,Canada,2024-01-08T00:00:00,Free
1053,kK7c2QD0,29,2476.18,True,Canada,2023-01-15T00:00:00,Premium
2678,TmUFLPkL,41,48827.9,True,Australia,2023-06-17T00:00:00,Premium
9238,4UB690Fg,39,4896.14,True,Canada,2022-09-19T00:00:00,Basic
9268,97Ry7ZYD,37,420.02,False,Australia,2023-06-05T00:00:00,Premium
9161,zIwjEqNm,42,39827.27,False,Canada,2023-04-27T00:00:00,Free
6409,bXoOGdhp,19,29487.39,False,UK,2023-12-04T00:00:00,Premium
9224,IIl2vQwC,46,22879.43,True,Germany,2024-09-26T00:00:00,Free
3910,dJztNlZM,54,26432.18,True,Australia,2023-04-06T00:00:00,Enterprise
9945,90vLlr1b,23,48948.47,False,UK,2022-08-14T00:00:00,Enterprise
9776,L3d17ORH,69,31058.55,True,USA,2022-07-23T00:00:00,Free
2107,ZTQY8QlO,22,38799.32,False,Canada,2024-03-12T00:00:00,Enterprise
5206,aQcsB54q,56,17890.54,False,Canada,2023-11-04T00:00:00,Basic
6370,D8GmHxYS,50,13770.85,True,Canada,2024-04-15T00:00:00,Free
2977,rkWUqEKj,70,36536.94,True,Germany,2024-05-20T00:00:00,Enterprise
9030,UumvW9ef,60,9207.1,False,Australia,2024-02-07T00:00:00,Enterprise
3299,GHYXHfSR,24,25327.23,False,USA,2022-12-02T00:00:00,Free
2637,1mU2PJbG,25,7064.06,False,USA,2023-10-03T00:00:00,Basic
6744,iLaXUWii,34,25057.46,False,Germany,2022-04-19T00:00:00,Premium
8684,RSjDQmoR,48,28466.31,True,UK,2023-10-10T00:00:00,Basic
6960,eXy1G25J,21,7213.13,True,Canada,2023-01-02T00:00:00,Premium
2875,cZ6JHO9l,56,14495.98,False,Australia,2022-06-05T00:00:00,Enterprise
9555,lZqmhs7q,73,36317.59,False,Australia,2023-05-29T00:00:00,Free
1931,RNGCT6p3,60,33156.21,False,USA,2023-03-16T00:00:00,Basic
5426,g5fkrUTE,45,48757.99,True,Australia,2024-01-13T00:00:00,Free
7242,m315juCP,55,25197.8,False,USA,2022-05-17T00:00:00,Free
9649,4tonH8rJ,33,44318.45,False,USA,2024-11-03T00:00:00,Enterprise
4590,ytWKvD9I,45,39235.37,True,USA,2023-04-30T00:00:00,Enterprise
6937,FEMGGtxt,18,21168.06,True,UK,2023-12-07T00:00:00,Basic
4978,2tQDKMgK,23,6791.82,False,Australia,2023-12-16T00:00:00,Basic
7791,DI1jk1Dx,60,21448.05,False,Germany,2024-08-21T00:00:00,Basic
5089,fTELMWIV,55,31793.45,True,Germany,2023-06-03T00:00:00,Enterprise
3949,frCe02Cj,40,12691.54,True,USA,2024-08-07T00:00:00,Premium
7577,8UR3wnWh,63,30292.09,False,Canada,2023-09-25T00:00:00,Enterprise
7170,KnN8ogRs,26,38445.42,False,Canada,2023-04-14T00:00:00,Free
6309,zooJlTvX,34,41290.16,True,Australia,2022-01-27T00:00:00,Premium
1937,fcDGfgQ1,72,34375.58,True,Australia,2023-08-27T00:00:00,Basic
5896,CIAt7EY9,59,4792.85,True,Germany,2023-09-11T00:00:00,Premium
5511,EArZkmpe,46,49031.39,True,Canada,2024-10-10T00:00:00,Enterprise
5507,cmJEJd5M,26,34735.19,True,UK,2022-04-16T00:00:00,Enterprise
6835,MKXIPlAW,37,2591.76,True,UK,2022-03-09T00:00:00,Enterprise
2405,9E80YChV,70,35026.75,True,Canada,2022-03-09T00:00:00,Premium
8894,dETUnUM8,52,35959.86,False,USA,2023-03-27T00:00:00,Enterprise
3284,egCbGhIB,32,14910.04,True,USA,2023-11-11T00:00:00,Basic
6105,afVovLLJ,32,47916.66,True,Australia,2023-03-29T00:00:00,Premium
3791,q18sZljJ,48,4512.51,True,USA,2024-06-19T00:00:00,Premium
3794,HY1sWmta,72,21023.65,False,UK,2024-11-08T00:00:00,Premium
3207,8a5oqGno,18,30540.6,False,Canada,2024-05-09T00:00:00,Premium
9938,x8tZm4K8,67,25502.35,False,Canada,2024-07-16T00:00:00,Enterprise
2632,4fbK9a3v,26,25965.36,False,Germany,2024-09-24T00:00:00,Basic
8675,m9zmEhQU,21,17222.54,True,Australia,2023-01-29T00:00:00,Enterprise
1561,Rf17T8yZ,20,2070.66,False,Canada,2024-04-01T00:00:00,Free
1767,OFrB26C8,60,26563.03,False,Canada,2023-04-21T00:00:00,Enterprise
6635,3j0cX0Tz,34,47798.79,False,Germany,2024-11-06T00:00:00,Premium
7494,zl3FQ9dq,59,32780.92,False,UK,2023-07-14T00:00:00,Premium
4232,UGqm6esj,47,13138.8,False,Australia,2023-09-05T00:00:00,Basic
2973,sem1kGFL,28,4915.67,False,USA,2024-03-02T00:00:00,Basic
3936,Ikbnqo7R,51,44441.25,False,Australia,2023-02-23T00:00:00,Premium
1984,8PdtknAC,37,16060.95,True,UK,2023-10-10T00:00:00,Free
6035,VBv1L11c,70,6746.09,True,Australia,2024-09-30T00:00:00,Basic
8886,8MeCd3YG,47,5502.58,True,Canada,2022-01-25T00:00:00,Premium
4127,3ppaXm8y,37,46863.69,False,UK,2024-05-27T00:00:00,Enterprise
8544,ZPieA9B1,68,42182.46,True,Germany,2022-08-15T00:00:00,Basic
7770,pLOzzuCH,31,15459.51,False,USA,2023-08-01T00:00:00,Enterprise
9112,TeyfTtmW,30,27209.88,True,Germany,2023-02-27T00:00:00,Free
3578,6ft0Lz8T,43,14201.69,True,UK,2022-06-09T00:00:00,Enterprise
5769,yQ8PjDzI,55,34602.44,False,Australia,2023-04-04T00:00:00,Enterprise
3557,svFn8oXR,27,13934.7,False,UK,2022-05-18T00:00:00,Enterprise
5013,W8EvoQPv,75,32680.81,False,Germany,2024-09-03T00:00:00,Basic
3221,Bmy7GoM1,36,44298.21,True,Australia,2024-04-15T00:00:00,Basic
9242,xeHJ6JA8,20,30084.0,True,USA,2024-08-07T00:00:00,Basic
1066,K0r2QSYP,54,13963.03,False,Canada,2023-01-22T00:00:00,Free
8695,nUBgwnUQ,75,47929.04,True,Australia,2024-06-28T00:00:00,Free
3563,NaE0DLsx,47,10199.71,False,Australia,2024-05-12T00:00:00,Premium
8820,NF42738t,60,21280.95,False,USA,2024-04-12T00:00:00,Basic
7625,kImCgn3t,24,9723.45,True,Australia,2023-02-20T00:00:00,Premium
6851,MD31zYC5,35,9274.71,False,Canada,2023-01-11T00:00:00,Premium
7043,98oIjy1i,45,2227.48,False,Australia,2023-01-14T00:00:00,Premium
1202,T9cL3ukD,19,37169.48,False,UK,2023-05-30T00:00:00,Enterprise
8552,qo48w1tn,20,40279.83,False,Germany,2023-06-04T00:00:00,Free
6790,lJQDJ0ST,49,21179.76,False,Australia,2023-03-18T00:00:00,Basic
7736,Vsj9Uqy3,49,34132.73,True,UK,2023-08-03T00:00:00,Premium
8201,NIDfx0im,38,14524.23,True,USA,2024-05-17T00:00:00,Basic
5289,KLqUyqB3,66,2493.28,False,UK,2023-05-21T00:00:00,Premium
6820,oWE4CtCO,34,10855.13,True,UK,2023-08-28T00:00:00,Premium
4220,5clARwzE,47,27286.11,True,Germany,2022-01-15T00:00:00,Basic
1887,aWwvHWhr,39,33764.07,False,Australia,2024-05-27T00:00:00,Free
6188,U1MBxbsA,26,49883.04,True,Canada,2023-12-29T00:00:00,Basic
3076,l0MVO1Xs,73,31068.04,True,Canada,2024-07-09T00:00:00,Enterprise
7150,FQ5SE9o3,64,24556.96,True,Australia,2022-10-12T00:00:00,Free
9923,OvwCOGpk,69,48363.75,True,Australia,2022-08-28T00:00:00,Enterprise
5662,azw88e7H,31,34648.75,False,Germany,2023-12-14T00:00:00,Premium
9846,D5Rzb6F6,41,14421.24,False,Canada,2024-02-20T00:00:00,Free
9219,l07J1691,34,39103.87,False,USA,2023-05-19T00:00:00,Premium
3496,dBtKKk8H,22,8613.68,True,Australia,2024-12-08T00:00:00,Basic
2870,4z862BjT,57,110.84,True,Canada,2023-01-30T00:00:00,Free
4601,NtVzVAmJ,53,6737.25,False,Germany,2022-10-15T00:00:00,Free
3328,5lDD0nK5,59,27613.31,True,Australia,2022-02-20T00:00:00,Basic
8204,Uhl4LUgj,48,11609.62,False,UK,2023-08-31T00:00:00,Enterprise
5351,yg2TwaiL,67,962.17,False,USA,2023-06-22T00:00:00,Free
5409,qF640MXD,55,36221.75,False,Australia,2023-07-20T00:00:00,Basic
4362,JXhUO8HK,18,40050.48,False,Canada,2022-07-14T00:00:00,Premium
1303,kc6qQO8X,26,38108.83,True,UK,2022-11-24T00:00:00,Basic
4450,ZGdDGicj,39,5233.86,False,Canada,2023-10-26T00:00:00,Free
6278,nDfG78WC,73,36828.14,True,Germany,2023-03-18T00:00:00,Enterprise
4446,HwK4b5WL,65,40842.69,False,UK,2024-11-13T00:00:00,Basic
1858,lIk0aXLY,35,27645.18,False,UK,2024-11-19T00:00:00,Premium
9391,KOLcy2Rh,36,39422.34,False,Germany,2022-10-08T00:00:00,Basic
3005,iVqW14P4,59,20035.07,False,UK,2022-04-21T00:00:00,Enterprise
5240,258x4oxN,21,32008.46,False,Germany,2024-05-23T00:00:00,Enterprise
9586,8NB5XIUi,25,26184.25,False,Australia,2024-03-07T00:00:00,Basic
3686,0BqzR39f,54,20954.43,True,Germany,2024-07-28T00:00:00,Enterprise
9823,hVK8xpD8,27,37016.9,True,UK,2023-11-13T00:00:00,Basic
9852,cBrJ42IC,27,22065.87,True,Australia,2022-09-11T00:00:00,Enterprise
3353,7GHt41a0,44,18561.11,True,Germany,2023-08-10T00:00:00,Basic
1839,lE4gtgkY,37,34288.78,False,USA,2024-01-15T00:00:00,Enterprise
8151,N8WSMQZh,19,46727.16,False,Germany,2024-11-06T00:00:00,Enterprise
8923,M8kJOObQ,62,41885.26,True,Australia,2022-12-02T00:00:00,Enterprise
4787,nvNHN2k2,38,39847.5,True,Canada,2024-10-14T00:00:00,Premium
5001,U2On5Qy8,36,31857.26,False,USA,2024-02-25T00:00:00,Enterprise
8596,9LIc96gc,40,32169.28,False,Germany,2023-02-13T00:00:00,Free
8772,73gAc5Qp,44,26880.04,True,Australia,2022-12-22T00:00:00,Basic
3850,wfU9Tk76,35,29261.79,False,Canada,2023-03-23T00:00:00,Basic
9583,i4fzkPUM,62,3906.66,True,UK,2024-06-23T00:00:00,Premium
2600,80bORKBK,63,22135.95,False,Canada,2023-08-02T00:00:00,Basic
3434,jRaGxO5m,53,24594.76,True,USA,2023-04-07T00:00:00,Basic
5607,SEux7vNp,61,20907.3,True,Canada,2023-03-06T00:00:00,Free
7392,sqitzGZ6,30,35918.89,True,UK,2024-02-29T00:00:00,Enterprise
5348,vu7MQ12L,54,34943.6,False,USA,2023-01-17T00:00:00,Free
8911,1XjgburR,58,11788.08,False,USA,2023-08-05T00:00:00,Premium
9404,IEqndYXk,41,18417.44,False,Germany,2024-02-22T00:00:00,Basic
6599,IJS14JHp,70,12629.43,False,Canada,2022-04-27T00:00:00,Premium
5814,BYf2Q0vR,75,25103.63,True,UK,2022-12-28T00:00:00,Premium
4009,ec2qdXSx,25,15752.26,True,Australia,2024-08-29T00:00:00,Enterprise
6254,dZ1T3ftr,28,49878.83,False,Canada,2023-11-28T00:00:00,Free
3941,uHAZVYL4,55,44369.48,True,Germany,2024-11-27T00:00:00,Free
3151,paHM8BbW,75,15010.91,True,Australia,2023-01-14T00:00:00,Enterprise
4647,ilEPXVcu,75,11617.42,False,USA,2023-03-22T00:00:00,Free
9779,EIpxN1i0,39,4575.98,True,Germany,2022-02-20T00:00:00,Free
3123,d9RunurG,60,17961.1,False,Canada,2024-09-07T00:00:00,Basic
6419,FmJQNxZm,52,32376.19,True,USA,2024-11-10T00:00:00,Basic
9908,DSRhSh2R,27,14613.35,False,Australia,2023-03-11T00:00:00,Premium
5420,rwrBQHNE,69,20385.18,True,Germany,2023-04-05T00:00:00,Premium
9213,JFMRvVmh,62,4187.66,True,USA,2022-04-04T00:00:00,Basic
4261,bONdIwxX,58,42903.69,True,Australia,2023-12-24T00:00:00,Premium
7564,ZeMDWk04,27,26645.21,True,UK,2024-02-15T00:00:00,Basic
4747,njVZbIWd,24,12803.33,False,Canada,2022-05-29T00:00:00,Premium
4613,7FTjn6Zo,59,9188.76,True,UK,2022-09-04T00:00:00,Basic
4265,X6CSvQUM,51,8868.56,True,Germany,2022-02-04T00:00:00,Basic
2696,nagaNvw2,38,34984.66,True,Germany,2024-06-20T00:00:00,Free
9478,OYdynayn,54,23658.95,False,Germany,2022-07-05T00:00:00,Enterprise
6506,K0eVwbTP,67,38899.41,False,UK,2024-06-13T00:00:00,Free
9376,Qkd93Fco,34,25930.61,True,Australia,2022-02-12T00:00:00,Basic
7858,w97hgLps,52,3722.92,True,Canada,2023-11-26T00:00:00,Free
5985,yAzc14Sj,61,32417.59,False,Canada,2023-06-11T00:00:00,Basic
3587,qobGzL5X,55,34338.36,False,Germany,2023-05-28T00:00:00,Premium
3393,6NUA2ZGz,53,23410.54,False,Canada,2024-07-05T00:00:00,Enterprise
2589,4q025x3Y,49,16282.72,False,UK,2024-03-05T00:00:00,Free
2008,DMTT0BTo,75,36326.79,False,Canada,2023-09-19T00:00:00,Basic
4931,jxEE2CcX,40,25791.75,False,Canada,2024-11-04T00:00:00,Premium
3882,X4H2tMc6,66,39593.05,False,Australia,2022-09-29T00:00:00,Basic
3321,dvUE5AGa,25,16215.48,True,Australia,2023-07-15T00:00:00,Premium
9178,911zYZ6l,30,19320.79,False,Australia,2022-07-13T00:00:00,Premium
7730,7kWkZxXI,25,10092.74,False,UK,2023-01-27T00:00:00,Basic
2762,6ELnBhqF,37,14380.4,True,Australia,2022-11-19T00:00:00,Basic
9647,kla3gYZb,19,16485.46,True,USA,2023-12-17T00:00:00,Free
3000,87lJdOL3,72,5515.62,True,Canada,2022-10-31T00:00:00,Premium
8032,8lpb3bqn,61,41539.17,True,UK,2024-08-21T00:00:00,Free
9328,uZY7g9Px,67,25390.11,False,USA,2022-12-05T00:00:00,Premium
6726,fWEWcc7V,53,30157.05,False,Australia,2024-02-19T00:00:00,Enterprise
6130,KKdIPe75,51,23249.4,False,Canada,2024-01-04T00:00:00,Basic
6191,ATexVTLY,33,11143.85,True,USA,2023-05-16T00:00:00,Enterprise
2750,rXrkoCJy,69,17894.39,False,UK,2024-02-21T00:00:00,Premium
4911,VLRABKCN,31,22949.74,False,Germany,2022-12-30T00:00:00,Enterprise
9055,4UUbMVzB,51,29830.33,False,UK,2023-05-09T00:00:00,Basic
3409,KWdlXp60,48,14733.67,True,UK,2022-11-20T00:00:00,Basic
6434,AktNV2OF,42,45600.89,False,Australia,2024-04-20T00:00:00,Enterprise
7950,XlIKN1Do,23,47022.61,False,USA,2024-10-02T00:00:00,Premium
8539,Se7NoCLk,46,25830.11,True,USA,2024-05-22T00:00:00,Basic
5707,JprxpgHO,50,22882.38,False,USA,2022-03-06T00:00:00,Basic
8231,MLKxAxUx,21,17142.01,False,USA,2023-01-11T00:00:00,Premium
7053,dldtoAAt,61,12522.13,False,Canada,2023-03-17T00:00:00,Free
2338,K3aF5Hz9,39,39245.68,True,Germany,2024-09-01T00:00:00,Basic
3509,hhmBInpT,44,47915.76,True,Australia,2024-11-21T00:00:00,Enterprise
4102,SSrkFze5,49,39372.49,False,USA,2024-04-28T00:00:00,Premium
1676,wkkh32PC,73,19475.44,True,Germany,2024-06-06T00:00:00,Basic
8453,jHaC3DDG,40,14296.77,False,Germany,2023-05-14T00:00:00,Enterprise
3637,jaOUWv9w,42,39773.12,False,Germany,2022-04-10T00:00:00,Free
2062,6sGE0qkk,60,21856.75,False,Germany,2024-10-13T00:00:00,Enterprise
5895,omQeNqnL,54,38650.17,False,Australia,2024-09-26T00:00:00,Free
3053,Rn5cnICN,72,39834.17,True,Germany,2022-10-31T00:00:00,Free
7926,Trk6cluX,74,44269.48,True,Australia,2024-02-03T00:00:00,Basic
6056,5OefXOev,38,48425.58,False,USA,2022-05-28T00:00:00,Basic
4970,v93ysh7o,65,25844.82,False,USA,2024-01-27T00:00:00,Premium
4192,WeAUCcao,49,31695.45,True,USA,2024-05-15T00:00:00,Premium
2059,PzxjLJWY,54,32414.28,True,Australia,2024-12-31T00:00:00,Basic
1790,Xu3QVILB,62,27200.88,False,Canada,2024-12-19T00:00:00,Basic
4877,5A7qeOjG,18,35855.47,True,Germany,2024-03-31T00:00:00,Premium
9257,Cmg8v2d1,18,17209.75,True,UK,2023-01-26T00:00:00,Enterprise
9401,jMu6l0lR,19,48312.39,True,UK,2023-10-30T00:00:00,Basic
8553,o6EXkp1F,29,36050.11,True,Germany,2022-10-08T00:00:00,Basic
3583,M3UsNAKz,47,39680.44,False,Australia,2023-12-20T00:00:00,Premium
2381,3JJkH4nK,50,10842.28,True,Australia,2024-05-26T00:00:00,Basic
3160,P2zIvbs6,44,9371.48,False,Australia,2024-03-12T00:00:00,Basic
9203,AMzkhCL4,45,4144.02,False,Australia,2022-05-21T00:00:00,Basic
9690,I7yDXYwq,25,27383.23,False,USA,2022-07-21T00:00:00,Free
5851,iWY7qhOC,52,23235.08,True,Germany,2022-06-22T00:00:00,Free
9367,OripK1X8,70,43452.61,True,Australia,2024-03-10T00:00:00,Premium
6694,Cp4JOgaS,35,14099.48,True,Germany,2022-08-03T00:00:00,Basic
9561,ssK9sTjF,64,39409.67,True,Germany,2023-07-02T00:00:00,Free
7124,nUoYKIeV,59,31130.14,False,Canada,2024-12-14T00:00:00,Premium
1475,E83Vivtw,52,49075.79,False,UK,2022-11-24T00:00:00,Free
4147,RJT2dHXp,40,43540.19,True,Germany,2022-12-27T00:00:00,Premium
3132,wVRiNTsX,43,25772.79,False,USA,2022-06-04T00:00:00,Basic
9902,r2h2m3zt,39,11157.93,True,Germany,2023-11-01T00:00:00,Premium
5772,N84UljaQ,30,17705.92,True,Canada,2023-06-20T00:00:00,Premium
5399,tTii1gwK,33,26619.43,True,UK,2024-09-05T00:00:00,Enterprise
4743,SDANMX7s,65,7029.49,False,USA,2024-02-22T00:00:00,Premium
6268,Kix7ggJU,70,8782.05,True,Germany,2022-09-08T00:00:00,Enterprise
8935,BGX5YcG8,69,38114.32,False,Germany,2022-07-31T00:00:00,Premium
2464,KhYIbdJx,27,13092.68,False,Australia,2024-04-06T00:00:00,Free
4728,T0uhFKwH,46,34293.78,True,Canada,2023-12-04T00:00:00,Basic
9393,haAMtIb8,32,7893.47,True,UK,2022-05-13T00:00:00,Basic
6272,BqzaTAjN,66,5483.96,True,UK,2023-04-12T00:00:00,Free
9425,BqiO0T6c,21,14496.83,False,Canada,2022-10-16T00:00:00,Free
6540,gQqF4qq5,25,4532.6,True,Germany,2024-03-14T00:00:00,Basic
6002,8fFDJ0E5,51,29669.32,True,Australia,2023-10-04T00:00:00,Free
3727,Kpl5tTvA,69,49408.03,False,Germany,2022-05-13T00:00:00,Enterprise
7771,yNeS3wIr,43,7942.68,True,Australia,2024-05-30T00:00:00,Free
2796,iHP1jePD,31,40439.54,True,USA,2023-06-03T00:00:00,Premium
1307,uJPLrQ04,23,8612.39,True,USA,2022-09-09T00:00:00,Enterprise
1668,uTP2pwXM,49,49967.79,False,Canada,2022-05-16T00:00:00,Basic
9524,bWLZAcN2,57,34154.89,True,USA,2022-05-17T00:00:00,Free
5865,r5wzjuJF,35,6745.6,False,UK,2023-07-23T00:00:00,Enterprise
6745,J6bd9S5x,57,36377.78,True,Australia,2022-07-06T00:00:00,Basic
1040,4wJSKLIK,45,27251.84,True,Australia,2024-08-15T00:00:00,Premium
9382,B2Pf2T0s,28,2673.68,True,UK,2024-03-07T00:00:00,Enterprise
5744,nIlGEsro,67,20611.02,False,Australia,2023-02-16T00:00:00,Basic
2488,n0yYh0iJ,23,43200.01,False,USA,2023-04-10T00:00:00,Enterprise
6051,bwOMmZq3,53,25135.96,True,Germany,2024-07-11T00:00:00,Premium
2864,ATjUI0Ix,71,8689.38,False,UK,2024-04-02T00:00:00,Premium
8794,D6893UGO,48,49572.24,True,UK,2022-11-02T00:00:00,Basic
2224,mdjIOPXh,63,29929.41,True,UK,2024-01-03T00:00:00,Basic
3897,3prOPAyI,21,11505.48,True,USA,2024-08-31T00:00:00,Premium
6987,LLSr5WuK,37,24081.55,False,Australia,2023-02-23T00:00:00,Enterprise
5304,KLyXOiGW,40,42181.04,True,UK,2024-03-02T00:00:00,Premium
3878,KyTRDIBT,61,16251.84,True,UK,2024-03-26T00:00:00,Premium
7641,qMy1AJ83,42,3298.92,True,USA,2023-06-26T00:00:00,Free
9877,drRpgXH1,42,9155.75,True,Australia,2023-10-18T00:00:00,Enterprise
1829,cp4Zvl3e,67,22698.27,False,Canada,2023-12-12T00:00:00,Premium
7088,m6qWgyvH,42,38374.68,False,Canada,2024-06-16T00:00:00,Free
1216,66P0Tr7m,48,4254.74,False,Germany,2022-08-02T00:00:00,Basic
2020,eO7yL6Dh,23,30057.14,True,UK,2023-07-03T00:00:00,Basic
2260,fqZac4dn,56,27989.91,False,UK,2024-12-01T00:00:00,Enterprise
6167,HgqaMsQ1,47,43328.71,False,Germany,2023-02-28T00:00:00,Premium
3996,H8t35ud6,36,45078.85,False,UK,2023-03-23T00:00:00,Premium
1396,KiuMrMZV,30,3944.84,False,Germany,2023-10-28T00:00:00,Basic
9220,HQ9DSxqK,41,46643.64,False,Germany,2023-09-21T00:00:00,Premium
4214,TrbOsx7W,66,1643.5,False,Germany,2022-04-07T00:00:00,Enterprise
6904,az1civwr,32,46147.45,False,USA,2022-09-10T00:00:00,Free
7617,4bo8gBQv,59,34061.13,False,Canada,2023-12-06T00:00:00,Enterprise
4170,36M44WPe,41,9697.88,True,UK,2023-09-10T00:00:00,Premium
7923,LB5a3FYV,39,46284.38,True,Germany,2024-05-16T00:00:00,Enterprise
6533,YKl8xE42,53,16108.78,False,Australia,2022-10-14T00:00:00,Enterprise
9548,wtQAGii0,21,46316.42,True,USA,2023-10-08T00:00:00,Enterprise
1140,CslCBl3f,65,3476.37,True,Germany,2023-08-27T00:00:00,Basic
7422,z8r40TRb,65,28521.71,True,Canada,2022-10-29T00:00:00,Premium
4747,Hngl0du3,71,29154.41,True,Germany,2024-10-25T00:00:00,Premium
7652,FIMkhaL0,19,13199.17,True,Germany,2024-11-08T00:00:00,Basic
5331,H4ZnGr8p,39,28469.16,True,Canada,2024-09-24T00:00:00,Premium
1062,GjtV5LoC,63,26873.33,False,USA,2024-03-04T00:00:00,Basic
6945,CEcyaUiT,53,41884.49,True,Germany,2024-03-30T00:00:00,Enterprise
8984,J5twwBPW,44,43628.44,True,UK,2022-08-23T00:00:00,Enterprise
6625,uS9tEj6w,33,40407.65,True,Canada,2023-06-18T00:00:00,Basic
6531,IFEwqsjU,41,40936.11,False,Canada,2023-10-14T00:00:00,Premium
3469,qfpLbde9,37,231.18,True,USA,2024-01-05T00:00:00,Enterprise
6792,CWlB33IS,24,17184.31,False,USA,2024-08-20T00:00:00,Basic
7323,GqTZ1HTb,71,37964.25,True,Canada,2024-06-26T00:00:00,Basic
8517,JBonLXzo,19,38190.03,True,USA,2023-06-21T00:00:00,Free
2621,P4Lsc0jF,20,840.56,False,Canada,2022-10-19T00:00:00,Free
4563,xQpnA1Wf,56,29129.38,True,Canada,2024-11-23T00:00:00,Premium
6885,OetgI4iD,65,5238.48,False,Australia,2024-03-31T00:00:00,Premium
5167,WB4cJUhX,60,42305.45,False,Germany,2022-05-13T00:00:00,Free
8009,BXuXlv4A,32,38416.16,True,Germany,2023-02-04T00:00:00,Free
4506,dsVyVGYd,48,45437.63,True,Canada,2022-08-10T00:00:00,Free
9323,Pwb1DuTb,42,17765.87,False,Canada,2022-12-23T00:00:00,Basic
1389,4ugOy3iX,36,46751.24,True,UK,2024-12-25T00:00:00,Premium
9470,iXiLuISj,47,27731.14,True,USA,2022-05-21T00:00:00,Premium
8175,oIZycY1S,22,26684.99,True,Germany,2024-04-05T00:00:00,Free
2516,ZLrJIQ62,70,7343.9,False,Australia,2023-08-20T00:00:00,Basic
8159,W0kQdSbC,75,24893.72,True,Canada,2024-08-04T00:00:00,Free
4502,9TRvYV9Q,54,15827.51,True,Canada,2024-03-18T00:00:00,Basic
9874,UOS1ZFPB,18,43685.68,False,Australia,2024-06-11T00:00:00,Enterprise
5919,X4hvENft,48,2014.32,True,Germany,2024-06-28T00:00:00,Basic
5746,7YzBNVs0,24,42537.23,True,Canada,2022-01-15T00:00:00,Free
4296,DyJtr0CX,23,36048.66,True,USA,2023-08-06T00:00:00,Basic
3759,btKOk33K,71,2796.85,True,USA,2024-10-03T00:00:00,Premium
8764,eeNqq4Ga,54,47328.51,True,Canada,2024-04-08T00:00:00,Enterprise
6809,ex3pfgcd,70,16221.92,False,Germany,2024-11-11T00:00:00,Premium
4424,griGjRYv,64,16273.15,False,Australia,2022-03-09T00:00:00,Premium
9464,40ZEk2cR,25,30027.62,False,UK,2023-06-17T00:00:00,Free
9900,R6jLjJGM,32,21797.61,True,Australia,2024-12-23T00:00:00,Enterprise
5216,iRzzsV25,72,33780.57,False,USA,2024-10-14T00:00:00,Enterprise
5635,vx27NEyb,47,42024.0,False,Canada,2023-01-02T00:00:00,Enterprise
9112,0OurmGXH,26,24175.73,True,Germany,2023-02-19T00:00:00,Free
1777,Nj4Bg4qV,49,8888.11,True,USA,2022-08-13T00:00:00,Basic
5354,ZfvIL6m0,29,9007.66,False,Canada,2023-06-05T00:00:00,Premium
5847,oAnkkMRM,24,37780.56,True,Canada,2023-12-12T00:00:00,Enterprise
1491,HOneD2M9,57,31104.87,False,Canada,2023-03-09T00:00:00,Basic
2321,rJN29jEO,44,42545.57,True,USA,2023-07-21T00:00:00,Basic
4893,5RUmorTh,23,26238.52,True,Canada,2023-04-16T00:00:00,Enterprise
5187,vfYDQmbm,20,35321.37,False,Australia,2022-02-26T00:00:00,Free
6394,TqgXNhZJ,45,26950.06,True,Germany,2022-10-27T00:00:00,Enterprise
4591,xVs1mnCx,25,42980.56,True,Canada,2022-10-11T00:00:00,Premium
5740,XL47Qg5z,75,7957.69,True,Germany,2023-10-26T00:00:00,Premium
7670,adoVtcG7,36,47089.41,False,Canada,2023-11-03T00:00:00,Premium
6875,mElibdeA,53,26208.61,False,Germany,2024-11-19T00:00:00,Free
9664,B3gaRPJ6,55,20817.27,False,Canada,2023-11-21T00:00:00,Enterprise
8458,ZvZTmClZ,28,36555.11,False,UK,2022-06-01T00:00:00,Premium
1288,4t2kjPOt,75,31974.26,True,Australia,2024-11-03T00:00:00,Free
7919,60uoYbi7,56,16536.24,True,Canada,2022-08-05T00:00:00,Free
1722,BXP71Hdz,69,5698.45,True,UK,2023-01-06T00:00:00,Premium
2179,HtDjTb84,47,3070.54,True,USA,2024-09-17T00:00:00,Premium
2943,3R5iGesw,56,19889.19,True,Germany,2022-04-23T00:00:00,Free
4332,7nZmgfKY,67,32730.21,False,Australia,2024-07-06T00:00:00,Basic
8525,dEgjmrCG,49,13303.14,True,Germany,2023-02-15T00:00:00,Enterprise
4875,frhJQrgZ,71,24261.52,False,Germany,2023-10-15T00:00:00,Enterprise
6509,OzhyJX8m,52,22281.46,True,Germany,2022-06-19T00:00:00,Basic
8166,u63jJHdo,60,37898.61,True,Canada,2022-03-06T00:00:00,Free
5955,L9r5pZs8,53,24175.16,False,USA,2023-03-17T00:00:00,Enterprise
8845,yL8hEFMY,58,24337.1,True,UK,2023-07-11T00:00:00,Enterprise
5132,mnundH2a,36,6635.07,False,Canada,2024-07-12T00:00:00,Free
3689,AS6ZTq6U,25,48163.11,True,UK,2022-05-07T00:00:00,Free
3483,y6M7GVkv,33,47115.9,False,Germany,2023-01-19T00:00:00,Enterprise
2593,oxOB7R1k,70,17566.32,False,Germany,2023-03-25T00:00:00,Premium
3240,DffYCzxl,34,19985.74,True,USA,2023-06-17T00:00:00,Basic
8547,QLiK5Myx,45,14832.11,False,Canada,2023-01-24T00:00:00,Free
8325,lmOFTVyU,63,47645.05,False,UK,2024-03-02T00:00:00,Enterprise
1344,kN1s8bDm,30,2921.08,False,USA,2023-04-30T00:00:00,Basic
5925,SlNsMSs5,47,20058.91,True,UK,2024-02-17T00:00:00,Enterprise
7835,PofO2wk2,24,3548.29,False,Germany,2024-02-18T00:00:00,Premium
3475,PKysWz63,75,36590.85,True,Canada,2023-09-18T00:00:00,Basic
9896,FmbnW3Gy,29,49986.28,True,Canada,2022-03-06T00:00:00,Enterprise
3981,fYuXQlv7,68,33717.3,True,UK,2023-08-08T00:00:00,Premium
7585,eqUmkB7r,42,27696.9,False,USA,2023-10-09T00:00:00,Enterprise
7280,13pNKJzY,73,943.54,True,UK,2023-12-16T00:00:00,Premium
9383,mBTNiLEV,69,21084.16,True,UK,2023-05-17T00:00:00,Premium
4989,z9mttwpo,43,27866.01,False,Canada,2024-02-17T00:00:00,Premium
9702,tnOL9BHk,34,45702.83,False,Canada,2023-04-12T00:00:00,Basic
8536,jBJbB4sH,75,35964.84,False,Canada,2023-07-06T00:00:00,Premium
9827,ANpsNFLV,72,19961.06,True,USA,2022-07-21T00:00:00,Basic
3872,Zp2xeajW,48,16718.78,False,USA,2023-05-25T00:00:00,Premium
2332,UjP7CsSl,61,25117.38,True,Australia,2023-01-31T00:00:00,Basic
1122,dWiKiDrj,33,19677.77,True,Australia,2024-12-07T00:00:00,Premium
8505,FfLaInsx,56,37788.11,False,USA,2024-12-12T00:00:00,Premium
3382,VrHA1NmF,45,44680.86,False,Canada,2022-03-25T00:00:00,Free
1514,afKZtI5q,26,11270.53,False,Australia,2022-12-24T00:00:00,Free
4921,etOtbFVJ,65,17753.12,False,UK,2023-03-05T00:00:00,Free
9246,C00kuQnu,61,33116.72,True,USA,2024-05-01T00:00:00,Basic
7046,ljAmiYHQ,65,37127.03,False,Germany,2024-02-25T00:00:00,Basic
7833,VLev4oOL,39,42553.71,False,UK,2024-08-09T00:00:00,Enterprise
9531,I44EDGg5,64,40569.98,True,UK,2022-06-19T00:00:00,Premium
6068,asFubHC2,34,33577.77,True,Germany,2024-05-26T00:00:00,Free
8460,Gojc1suh,70,14465.38,True,Germany,2024-12-15T00:00:00,Enterprise
6211,qoplqyja,30,1433.06,False,Canada,2023-11-24T00:00:00,Basic
2520,zw8kastn,70,9247.57,True,UK,2022-04-30T00:00:00,Enterprise
2333,dBZt75cQ,37,22498.33,False,UK,2022-07-24T00:00:00,Premium
7498,uEOUWBuI,53,42999.93,True,Germany,2023-01-11T00:00:00,Premium
8542,znDScdd9,43,46017.49,False,UK,2022-11-14T00:00:00,Premium
7012,DJNDt4pj,70,31655.88,False,Canada,2022-02-10T00:00:00,Premium
2221,OuVi2gfN,48,10743.93,True,Germany,2023-05-01T00:00:00,Basic
9389,453ULcYS,50,9435.48,True,UK,2024-11-25T00:00:00,Premium
7946,ayKnIkNN,61,1955.8,True,Australia,2024-04-13T00:00:00,Enterprise
8971,mI0bERC7,63,37539.25,True,USA,2023-10-22T00:00:00,Enterprise
3943,IA2JlPs9,35,42653.1,True,UK,2024-09-15T00:00:00,Free
3487,wxV4WUg1,24,14813.99,False,USA,2022-07-22T00:00:00,Basic
2787,oyM1YVpA,22,42558.93,False,Australia,2022-06-13T00:00:00,Basic
3585,6So8wQpa,73,32068.32,False,UK,2023-12-03T00:00:00,Basic
6949,oKPeRUy3,22,24782.66,True,Germany,2022-07-16T00:00:00,Premium
1820,3xD0DhSj,53,6456.81,True,Canada,2023-03-27T00:00:00,Enterprise
3350,ZkBO5Y0G,35,39224.79,False,USA,2024-12-17T00:00:00,Free
8158,bnW6jtZ7,32,37655.97,False,Australia,2023-08-07T00:00:00,Enterprise
7511,rNiVkg3x,31,47906.79,False,UK,2024-06-13T00:00:00,Enterprise
1185,VKX1ByWy,20,25243.52,False,UK,2024-01-08T00:00:00,Enterprise
6282,DFegzDU6,75,13958.38,False,Germany,2024-09-17T00:00:00,Basic
7118,03umcRfD,56,35374.16,True,Canada,2023-08-04T00:00:00,Enterprise
9255,rk8jsE5t,42,14259.82,True,Australia,2022-05-05T00:00:00,Basic
1869,LqniID2m,27,16983.16,True,Canada,2022-01-28T00:00:00,Basic
6667,nXPqHyCE,63,44405.49,True,USA,2022-05-16T00:00:00,Free
2396,BtCGhuUA,67,17611.13,False,Canada,2024-07-14T00:00:00,Free
9359,TwqiHdbq,25,735.05,False,Australia,2023-11-01T00:00:00,Enterprise
8616,sWGrvD9V,32,19572.15,False,Canada,2024-04-18T00:00:00,Basic
5234,XMwqBy9o,59,48100.05,False,Canada,2024-11-27T00:00:00,Enterprise
3794,a1Co09oU,53,18640.45,False,Germany,2023-07-05T00:00:00,Free
5763,Ce1nGtxp,70,10788.65,False,UK,2024-04-27T00:00:00,Enterprise
5652,wko4dwaW,38,22773.23,True,USA,2024-09-12T00:00:00,Free
6546,kYPKX8pe,31,27161.96,False,Canada,2022-03-22T00:00:00,Basic
2656,XhpPSMBz,46,21964.55,False,Australia,2024-11-27T00:00:00,Enterprise
9168,VunABZ9g,52,19179.93,False,Australia,2023-01-09T00:00:00,Premium
8120,ULsJjuWB,75,46856.37,True,Australia,2023-05-02T00:00:00,Basic
3792,PBjtOaWM,36,29860.31,True,Germany,2024-02-14T00:00:00,Enterprise
1191,cDDg1pwC,18,19735.6,False,Australia,2023-09-07T00:00:00,Enterprise
4013,fk8A03RW,65,28834.2,True,USA,2023-10-22T00:00:00,Free
3261,HLfHKxAz,72,7656.59,True,Germany,2024-02-29T00:00:00,Basic
7592,odNvWrqv,70,1911.95,False,USA,2023-07-06T00:00:00,Basic
4858,LBTLTKKG,56,40193.4,True,USA,2024-01-13T00:00:00,Basic
9569,cGuoGDRO,68,47769.8,False,Germany,2024-03-23T00:00:00,Basic
1133,IjlnFxqW,45,28267.37,True,USA,2023-01-15T00:00:00,Enterprise
7897,JRS2vHdK,46,40378.29,True,Australia,2023-07-19T00:00:00,Free
3439,32C3h402,67,48315.4,True,USA,2024-06-12T00:00:00,Enterprise
6050,lTKuiC5J,53,10680.08,True,UK,2022-11-19T00:00:00,Free
6649,bX2N6Ld7,26,38307.94,True,Canada,2024-06-04T00:00:00,Free
1775,QvZuIJK4,55,46336.39,False,Canada,2024-01-20T00:00:00,Free
5566,u6wDTQcu,46,5224.33,True,Canada,2024-09-18T00:00:00,Premium
5139,vNFvWSEs,47,47708.68,False,Australia,2022-02-09T00:00:00,Free
4563,bueCN1gw,61,4548.76,False,UK,2024-04-13T00:00:00,Basic
8395,ZV6z2Jpi,22,45825.65,False,UK,2023-05-28T00:00:00,Premium
6551,Hsm3iqg1,44,1978.12,True,Canada,2023-02-07T00:00:00,Premium
6703,HUzC37Fd,66,13282.43,False,Australia,2024-12-20T00:00:00,Enterprise
9909,gLGxTnKT,64,33860.05,False,UK,2022-03-13T00:00:00,Free
9356,DMeusUwR,64,40933.5,True,USA,2022-05-14T00:00:00,Free
3585,mbUMDuIU,54,11053.21,True,UK,2023-01-08T00:00:00,Enterprise
4348,yGY3C172,64,8789.25,False,Canada,2023-03-15T00:00:00,Premium
3410,depdw6Ff,33,28814.12,True,Canada,2022-11-12T00:00:00,Premium
8948,4d0jugw5,57,31145.61,True,Australia,2024-03-16T00:00:00,Premium
3764,U6nJFYIU,72,25850.84,True,Canada,2022-05-17T00:00:00,Enterprise
6205,H5rON8Ls,57,41421.49,False,USA,2024-11-05T00:00:00,Enterprise
4600,afRA13sC,35,47349.43,True,Germany,2024-07-25T00:00:00,Premium
8730,4XCbRAAV,27,5572.61,False,Canada,2024-02-07T00:00:00,Enterprise
9527,SFsEUrAQ,57,47627.43,False,Germany,2023-10-22T00:00:00,Basic
4531,TRV77LAb,22,18094.76,False,Germany,2023-08-15T00:00:00,Enterprise
2160,KXpGKh4X,25,29240.41,False,UK,2023-11-15T00:00:00,Free
8278,7BB42ErF,75,30087.62,False,USA,2024-02-03T00:00:00,Basic
4621,nWio8XjK,48,16293.3,False,Canada,2023-06-16T00:00:00,Free
1793,hbbElmCK,66,27761.9,False,UK,2022-07-11T00:00:00,Enterprise
5450,mf6ueCjO,22,2413.48,True,Australia,2022-02-08T00:00:00,Premium
1853,7oWrn4Zx,70,5930.72,True,Australia,2024-05-12T00:00:00,Premium
7608,OyLVIcg8,64,30838.48,False,Germany,2024-01-23T00:00:00,Free
4230,wbyKmuFm,67,18900.26,False,Canada,2023-12-31T00:00:00,Premium
4454,ut5G1FGb,28,43794.43,False,Canada,2023-04-22T00:00:00,Enterprise
2069,MMxiGWRz,65,8152.67,False,Germany,2024-02-05T00:00:00,Premium
5490,aiK7cbVY,44,45809.47,False,UK,2022-02-25T00:00:00,Premium
6725,Y8NYh1jj,22,20592.85,True,USA,2023-02-22T00:00:00,Enterprise
3306,MjWU4TVY,73,43634.71,False,Canada,2023-08-25T00:00:00,Enterprise
1509,umq5p3m3,29,3653.95,False,Canada,2024-12-27T00:00:00,Basic
8459,MvETrvhA,19,12799.36,True,Australia,2023-01-06T00:00:00,Free
1715,RQSyGRBt,36,31868.73,True,Australia,2024-12-11T00:00:00,Basic
8689,vjqymPaQ,45,43191.0,False,Germany,2023-07-20T00:00:00,Premium
9424,MtQBHzrc,45,24334.35,False,Germany,2023-11-26T00:00:00,Enterprise
8248,8lvAvzFO,19,25399.97,False,Australia,2022-08-25T00:00:00,Enterprise
5105,AUgRUAKL,58,18521.89,False,UK,2024-03-04T00:00:00,Enterprise
9817,gbsmQmhj,66,16186.86,False,Canada,2024-01-27T00:00:00,Enterprise
9751,bPbEP5RR,54,31569.59,True,UK,2024-12-14T00:00:00,Enterprise
8376,Ova7xZrZ,22,37684.89,True,USA,2024-05-28T00:00:00,Enterprise
6034,SeU5KLQE,23,32806.8,True,USA,2022-05-31T00:00:00,Free
7870,EKuYV4o2,57,2521.53,False,USA,2024-11-26T00:00:00,Premium
5613,ViFwZqAe,33,24696.82,False,Germany,2024-09-24T00:00:00,Free
3326,VQS56tHy,67,29053.43,False,USA,2024-09-03T00:00:00,Free
1082,zWwy7k0e,58,37817.68,True,Germany,2024-07-30T00:00:00,Basic
4020,AeYPIRpw,61,19383.37,True,Australia,2024-02-23T00:00:00,Enterprise
7851,hGUSxwZP,64,17489.51,True,Australia,2022-06-03T00:00:00,Basic
1775,7aMj9eOX,26,4282.38,False,Canada,2024-11-27T00:00:00,Premium
7721,lPUwYRa6,32,12681.13,True,UK,2023-08-22T00:00:00,Premium
7076,vlkXKO2T,18,1242.21,False,Australia,2023-11-22T00:00:00,Free
9754,H3AYmX7O,75,10757.49,False,Germany,2023-02-05T00:00:00,Enterprise
2682,SXWvy1tl,49,48254.45,False,Germany,2024-04-27T00:00:00,Basic
3962,dWrlNtM8,50,23650.59,False,USA,2024-11-17T00:00:00,Enterprise
7747,olQFzOpR,39,22280.43,False,Germany,2023-10-26T00:00:00,Basic
7991,KW9rTZEk,23,14889.79,True,Canada,2023-02-01T00:00:00,Premium
6525,46LhjVLW,31,46877.06,False,Canada,2024-02-13T00:00:00,Free
2269,sG6yxAUa,18,13184.78,False,Australia,2024-02-01T00:00:00,Free
2076,9ALSbW1W,21,8019.13,True,UK,2023-04-14T00:00:00,Premium
1015,Q7FkP62J,67,22566.03,True,UK,2024-09-01T00:00:00,Enterprise
8339,RIajr5ZL,50,42415.62,True,Canada,2024-09-03T00:00:00,Basic
7608,upgFUWCQ,20,40422.45,False,Canada,2022-05-11T00:00:00,Free
1598,2Go3kYiy,27,10162.4,True,Germany,2022-08-19T00:00:00,Premium
1994,XNBsNvFN,39,2795.05,False,Germany,2023-04-08T00:00:00,Free
9022,RpuHXyiK,65,27929.02,False,USA,2022-01-29T00:00:00,Enterprise
9249,jGvlEotT,59,45466.35,False,Germany,2023-12-30T00:00:00,Free
1150,6f1XjCjM,46,24607.32,False,Australia,2024-08-11T00:00:00,Enterprise
8282,eemYdR4g,28,22106.34,False,Canada,2023-10-25T00:00:00,Premium
6659,ajnGJlTG,37,41912.23,True,Australia,2024-06-18T00:00:00,Premium
8860,bXunLADe,37,8133.73,True,Australia,2024-07-25T00:00:00,Free
2752,3G2PPqWc,39,13249.56,False,UK,2023-03-06T00:00:00,Premium
6539,AXFne3UW,73,48812.26,True,USA,2024-03-27T00:00:00,Premium
4493,47WC7YZY,34,4765.41,False,USA,2022-05-21T00:00:00,Enterprise
6570,GK0FBwmQ,43,16716.22,False,UK,2024-11-30T00:00:00,Basic
2395,anHnBjcm,36,32099.38,False,Germany,2023-05-22T00:00:00,Basic
2930,0FztA9HL,64,32799.99,True,Australia,2023-06-14T00:00:00,Free
2410,N6E1OCiJ,53,43789.48,False,Canada,2024-03-03T00:00:00,Free
9173,1lqVm7WG,43,10358.83,False,Canada,2023-08-30T00:00:00,Premium
5904,1Kum2kdf,72,24556.67,False,Canada,2024-03-24T00:00:00,Premium
5885,Zp85c9Qx,75,5013.45,False,Australia,2023-07-27T00:00:00,Free
1369,4YUWLrPG,33,31648.1,True,USA,2023-02-22T00:00:00,Enterprise
3705,EAB0QPt0,66,14039.04,False,UK,2024-05-14T00:00:00,Basic
7216,Whk4RTRR,37,20747.66,False,Canada,2023-08-25T00:00:00,Basic
7922,lsLlhiUs,45,45559.81,True,USA,2022-01-18T00:00:00,Basic
7632,ya9u2cZc,28,45581.05,False,UK,2024-04-03T00:00:00,Basic
7753,MmC4IEGR,28,21928.31,False,Germany,2024-10-04T00:00:00,Free
7158,94rpfCF8,31,37988.31,True,Australia,2022-07-14T00:00:00,Free
4329,hC9HFwQS,20,4997.64,True,USA,2022-05-04T00:00:00,Enterprise
6946,E5DZY1jU,38,34457.25,True,Canada,2024-01-14T00:00:00,Free
3384,Gm0DKE6J,35,36809.87,True,Germany,2023-04-09T00:00:00,Enterprise
4824,fgSwN2dt,61,9003.38,True,UK,2022-01-30T00:00:00,Free
8255,zgq4ZL4S,61,17855.66,False,USA,2024-12-09T00:00:00,Basic
4075,L4wbs08z,53,31525.73,True,Canada,2024-05-02T00:00:00,Enterprise
4252,8LEmRFyT,65,15561.04,True,UK,2024-08-09T00:00:00,Premium
5443,I83tuapS,71,9562.57,True,Germany,2022-05-09T00:00:00,Free
3619,f4qqyfva,65,17798.05,True,Germany,2023-05-20T00:00:00,Basic
3816,jH7oJ3ha,18,34136.35,False,Germany,2024-11-11T00:00:00,Premium
4881,UsgdeN3Y,57,48817.9,False,USA,2022-01-04T00:00:00,Enterprise
7453,fCqcK674,54,27937.12,False,UK,2022-10-30T00:00:00,Basic
7754,0dCIrch9,47,16916.58,False,Canada,2024-10-08T00:00:00,Basic
4685,r08Qte16,72,42323.43,True,Canada,2023-12-02T00:00:00,Free
5309,JymgiQdQ,64,30000.91,True,Canada,2023-08-01T00:00:00,Premium
4050,IJLXxrO9,42,35981.77,True,UK,2023-04-17T00:00:00,Basic
9514,W8HiEFbf,64,20287.65,False,Australia,2022-04-23T00:00:00,Free
7992,TdDG82M4,69,31228.26,True,Canada,2023-04-21T00:00:00,Premium
2923,hdvMSM5K,40,27956.3,True,Canada,2022-08-20T00:00:00,Premium
4934,AUK3lFVq,43,45197.94,False,UK,2023-12-23T00:00:00,Enterprise
1320,UMImoywT,43,16478.2,False,UK,2022-02-16T00:00:00,Free
6768,t9YcJWnN,72,37989.67,False,Canada,2024-09-28T00:00:00,Enterprise
6577,roDTmJBH,51,463.44,False,Australia,2024-12-15T00:00:00,Enterprise
3534,bNKeMh4v,62,44989.73,False,Germany,2022-08-06T00:00:00,Basic
4075,YwkSpK8d,38,16807.27,False,Australia,2023-10-25T00:00:00,Free
1790,jfQHDQiC,38,23095.06,False,USA,2022-06-23T00:00:00,Free
5627,2Bx05206,22,40479.71,False,Germany,2024-03-04T00:00:00,Basic
6367,lORIWAQx,22,14776.14,False,Germany,2022-11-02T00:00:00,Basic
2437,fCof3OSB,52,31398.82,True,Germany,2024-10-17T00:00:00,Enterprise
1915,YJF7SBNu,63,36626.4,False,USA,2022-01-25T00:00:00,Premium
3293,6jzucQBc,64,38609.77,True,Canada,2023-08-26T00:00:00,Basic
9114,s1EqxY8q,57,49499.52,True,Germany,2023-08-17T00:00:00,Enterprise
7686,KpjXnrDn,27,35517.98,True,USA,2022-03-22T00:00:00,Premium
3375,JY352IZ4,45,49095.97,False,UK,2022-04-10T00:00:00,Free
9834,4rhZSkGt,38,7452.85,False,Canada,2023-07-08T00:00:00,Premium
8833,D7LKmIf7,59,21872.83,True,Australia,2022-04-02T00:00:00,Enterprise
7144,ArjMotSt,24,10033.21,False,USA,2022-11-29T00:00:00,Premium
8466,nRwjGmYX,58,2956.01,False,Australia,2024-06-30T00:00:00,Free
3991,fLjd1sT3,58,193.22,False,Australia,2024-10-08T00:00:00,Enterprise
9866,Kq8Gpi9B,64,31956.68,False,Canada,2024-01-05T00:00:00,Premium
